{"stat.pickup.minecraft.rotten_flesh":2,"stat.flyOneCm":19720,"stat.deaths":1,"stat.walkOneCm":18021,"stat.useItem.minecraft.mutton":2,"stat.pickup.minecraft.wheat_seeds":14,"stat.jump":160,"stat.swimOneCm":1403,"stat.playOneMinute":5873,"stat.fallOneCm":2301,"stat.killEntity.Sheep":10,"stat.leaveGame":1,"stat.entityKilledBy.Skeleton":1,"stat.pickup.minecraft.wool":10,"stat.damageTaken":240,"stat.damageDealt":1050,"stat.killEntity.Zombie":1,"stat.timeSinceDeath":390,"stat.sprintOneCm":21068,"stat.mobKills":10,"stat.mineBlock.minecraft.tallgrass":63,"stat.pickup.minecraft.mutton":16}